[
	{ "date": "1337594400000", "type": "meeting", "title": "Project A meeting", "description": "Lorem Ipsum dolor set", "url": "http://www.event1.com/" },
	{ "date": "1337677200000", "type": "demo", "title": "Project B demo", "description": "Lorem ipsum dolor sit amet, consectetur adipisicing elit, sed do eiusmod tempor incididunt ut labore et dolore magna aliqua. Ut enim ad minim veniam, quis nostrud exercitation ullamco laboris nisi ut aliquip ex ea commodo consequat.", "url": "http://www.event2.com/" },
	
	{ "date": "2016-09-16 17:30:00", "type": "meeting", "title": "L - KTA vs BBH" },
	{ "date": "2016-09-29 17:30:00", "type": "meeting", "title": "L - KTA vs BBH", "description": "Lehakoe", "url": "#" },
]